"rgn_id","pressure_score"
1,0.699291935006072
2,0.747081479068847
3,0.766553481678409
4,0.75433921043212
5,0.686183413429037
6,0.729461804132563
7,0.641833561864902
8,NA
9,NA
