"rgn_id","pressure_score"
1,0.663773770311279
2,0.686216602649558
3,0.714223787063115
4,0.714479827187545
5,0.623933551191258
6,0.761122062259492
7,0.669761850163542
8,NA
9,NA
