"rgn_id","pressure_score"
1,0.00357922360131696
2,0.00737793856532293
3,0
4,0.0209778131411534
5,0.0238844776780651
6,0.0185247849328505
7,0.0580251925730916
8,NA
9,NA
