"rgn_id","pressure_score"
1,0.336789706234868
2,0.351736300151129
3,0.388435042975034
4,0.35002078729352
5,0.192446135682099
6,0.30188792525724
7,0.265577375849943
8,NA
9,NA
