"rgn_id","pressure_score"
1,0.35091796070055
2,0.305153960091449
3,0.344802348310509
4,0.389978359216338
5,0.357191865958555
6,0.218443676779702
7,0.174951437352425
8,NA
9,NA
