"rgn_id","pressure_score"
1,0.621100365983636
2,0.563940065577795
3,0.548443824153417
4,0.773579578041121
5,0.781213680631469
6,0.657564604873423
7,0.689484498817591
8,NA
9,NA
