"rgn_id","pressure_score"
1,0.457990641571255
2,0.467849396032515
3,0.448781432131748
4,0.535696486674842
5,0.487919237462268
6,0.53229179427454
7,0.456186810382395
8,NA
9,NA
