"rgn_id","pressure_score"
1,0.407683890172647
2,0.608210385511422
3,0.686215618020023
4,0.416153682570626
5,0.385746113362832
6,0.427697163606934
7,0.562772712947858
8,NA
9,NA
