"rgn_id","pressure_score"
1,0.449481115393735
2,0.440681165646585
3,0.397682958676225
4,0.451487150484306
5,0.43290444395923
6,0.402576640737221
7,0.368648326708051
8,NA
9,NA
