"rgn_id","pressure_score"
1,0.483477810676417
2,0.489093203300189
3,0.502946736574479
4,0.634347592708656
5,0.604751372110327
6,0.598365853002244
7,0.654618675077286
8,NA
9,NA
