"rgn_id","pressure_score"
1,0.760698821794003
2,0.702334514320019
3,0.703290085928945
4,0.792857337334465
5,0.766756815258806
6,0.737699426452275
7,0.666668556467235
8,NA
9,NA
