rgn_id,pressure_score
1,0.31056013316079
2,0.31056013316079
3,0.31056013316079
4,0.31056013316079
5,0.31056013316079
6,0.31056013316079
7,0.31056013316079
8,0.31056013316079
9,0.31056013316079
