rgn_id,pressure_score
1,0.269267317027049
2,0.269267317027049
3,0.269267317027049
4,0.269267317027049
5,0.269267317027049
6,0.269267317027049
7,0.269267317027049
8,0.269267317027049
9,0.269267317027049
