rgn_id,pressure_score
1,0.305541293448998
2,0.305541293448998
3,0.305541293448998
4,0.305541293448998
5,0.305541293448998
6,0.305541293448998
7,0.305541293448998
8,0.305541293448998
9,0.305541293448998
