rgn_id,trend
1,0.0743036191472058
2,0.0743036191472058
3,0.0743036191472058
4,0.0743036191472058
5,0.0743036191472058
6,0.0743036191472058
7,0.0743036191472058
8,0.0743036191472058
9,0.0743036191472058
