rgn_id,pressure_score
1,0.436297505174195
2,0.436297505174195
3,0.436297505174195
4,0.436297505174195
5,0.436297505174195
6,0.436297505174195
7,0.436297505174195
8,0.436297505174195
9,0.436297505174195
