rgn_id,pressure_score
1,0.201337776622431
2,0.201337776622431
3,0.201337776622431
4,0.201337776622431
5,0.201337776622431
6,0.201337776622431
7,0.201337776622431
8,0.201337776622431
9,0.201337776622431
