rgn_id,value
1,0.612622254289042
2,0.612622254289042
3,0.612622254289042
4,0.612622254289042
5,0.612622254289042
6,0.612622254289042
7,0.612622254289042
8,0.612622254289042
9,0.612622254289042
