rgn_id,pressure_score
1,0.113929431769874
2,0.113929431769874
3,0.113929431769874
4,0.113929431769874
5,0.113929431769874
6,0.113929431769874
7,0.113929431769874
8,0.113929431769874
9,0.113929431769874
