rgn_id,resilience.score
1,0.62777777775
2,0.62777777775
3,0.62777777775
4,0.62777777775
5,0.62777777775
6,0.62777777775
7,0.62777777775
8,0.62777777775
9,0.62777777775
