rgn_id,habitat,year,trend
1,coral,2012,-0.0265959528457377
2,coral,2012,-0.0265959528457377
3,coral,2012,-0.0265959528457377
4,coral,2012,-0.0265959528457377
5,coral,2012,-0.0265959528457377
6,coral,2012,-0.0265959528457377
7,coral,2012,-0.0265959528457377
8,coral,2012,-0.0265959528457377
9,coral,2012,-0.0265959528457377
