rgn_id,resilience.score
1,0.73015
2,0.73015
3,0.73015
4,0.73015
5,0.73015
6,0.73015
7,0.73015
8,0.73015
9,0.73015
