rgn_id,score
1,0.79199755
2,0.79199755
3,0.79199755
4,0.79199755
5,0.79199755
6,0.79199755
7,0.79199755
8,0.79199755
9,0.79199755
