rgn_id,pressure_score
1,0.217506183632589
2,0.217506183632589
3,0.217506183632589
4,0.217506183632589
5,0.217506183632589
6,0.217506183632589
7,0.217506183632589
8,0.217506183632589
9,0.217506183632589
