rgn_id,pressure_score
1,0.336175126414717
2,0.336175126414717
3,0.336175126414717
4,0.336175126414717
5,0.336175126414717
6,0.336175126414717
7,0.336175126414717
8,0.336175126414717
9,0.336175126414717
