rgn_id,pressure_score
1,0.00623263659409471
2,0.00623263659409471
3,0.00623263659409471
4,0.00623263659409471
5,0.00623263659409471
6,0.00623263659409471
7,0.00623263659409471
8,0.00623263659409471
9,0.00623263659409471
