rgn_id,pressure_score
1,0.118426612054867
2,0.118426612054867
3,0.118426612054867
4,0.118426612054867
5,0.118426612054867
6,0.118426612054867
7,0.118426612054867
8,0.118426612054867
9,0.118426612054867
