rgn_id,pressure_score
1,0.395739373183476
2,0.395739373183476
3,0.395739373183476
4,0.395739373183476
5,0.395739373183476
6,0.395739373183476
7,0.395739373183476
8,0.395739373183476
9,0.395739373183476
