rgn_id,area_km2
1,8591243.71191
2,8591243.71191
3,8591243.71191
4,8591243.71191
5,8591243.71191
6,8591243.71191
7,8591243.71191
8,8591243.71191
9,8591243.71191
