rgn_id,score
1,0.937434373448106
2,0.937434373448106
3,0.937434373448106
4,0.937434373448106
5,0.937434373448106
6,0.937434373448106
7,0.937434373448106
8,0.937434373448106
9,0.937434373448106
