rgn_id,score
1,0.937343219847325
2,0.937343219847325
3,0.937343219847325
4,0.937343219847325
5,0.937343219847325
6,0.937343219847325
7,0.937343219847325
8,0.937343219847325
9,0.937343219847325
