rgn_id,score
1,-0.117363909360939
2,-0.117363909360939
3,-0.117363909360939
4,-0.117363909360939
5,-0.117363909360939
6,-0.117363909360939
7,-0.117363909360939
8,-0.117363909360939
9,-0.117363909360939
