rgn_id,pressure_score
1,0.255378309885661
2,0.255378309885661
3,0.255378309885661
4,0.255378309885661
5,0.255378309885661
6,0.255378309885661
7,0.255378309885661
8,0.255378309885661
9,0.255378309885661
