rgn_id,resilience_score
1,0.744621690114339
2,0.744621690114339
3,0.744621690114339
4,0.744621690114339
5,0.744621690114339
6,0.744621690114339
7,0.744621690114339
8,0.744621690114339
9,0.744621690114339
