"rgn_id","pressure_score"
1,0.294227341286165
2,0.296393532757169
3,0.290504640990078
4,0.302660671657357
5,0.336029919130027
6,0.318366464995678
7,0.351146059529293
8,0.319275495101839
9,0.31069887009808
