"rgn_id","pressure_score"
1,0.109193747429042
2,0.096675314857133
3,0.105227781926811
4,0.129214082091455
5,0.137901244790373
6,0.190406222990493
7,0.118441139698625
8,0.12862220824727
9,0.122736516084305
