"rgn_id","pressure_score"
1,0.088284078962738
2,0.0818568554182236
3,0.105652418447694
4,0.0887628908336415
5,0.106551840594394
6,0.144626474442988
7,0.0952814023988401
8,0.120108803264769
9,0.114382713055594
