"rgn_id","pressure_score"
1,0.286555308959234
2,0.28904857717735
3,0.314360704911886
4,0.337520029582152
5,0.359082356346794
6,0.34692005242464
7,0.325344103635919
8,0.336003297882218
9,0.334072801985829
