"rgn_id","pressure_score"
1,0.373998364677024
2,0.396427134233975
3,0.411248593925759
4,0.403254036731172
5,0.456626622280118
6,0.380996068152031
7,0.443188536782843
8,0.436888065537019
9,0.442177931016238
