"rgn_id","pressure_score"
1,0.219511860688331
2,0.236966718784901
3,0.234033927237811
4,0.22747352075463
5,0.261226573928404
6,0.251253241140882
7,0.258135377596455
8,0.235247419904549
9,0.238110506734538
