"rgn_id","pressure_score"
1,0.168188674071027
2,0.1727805364169
3,0.178896831324016
4,0.190393306603008
5,0.205423532334189
6,0.228781331028522
7,0.189496830514795
8,0.18092485270581
9,0.179896459292428
