"rgn_id","pressure_score"
1,0.0518168106403401
2,0.0489304307486126
3,0.060124826629681
4,0.0500706885762625
5,0.0609560873285308
6,0.0953759723422645
7,0.0554966989098726
8,0.0646739709887219
9,0.0615944936572116
