"rgn_id","pressure_score"
1,0.00858357328945564
2,0.0117833026923936
3,0.0105515843379921
4,0.00435487982942035
5,0.00552013469128647
6,0.0256698357821953
7,0.0125320786997434
8,0.011501626696496
9,0.00767159242806639
