"rgn_id","pressure_score"
1,0.501296577502628
2,0.495843633227939
3,0.510479940007499
4,0.536542175109906
5,0.587383605924639
6,0.482765399737877
7,0.602877101809486
8,0.59294020518913
9,0.576976570388039
