"rgn_id","pressure_score"
1,0.186041350309543
2,0.161730382293763
3,0.18490813648294
4,0.229064464439788
5,0.241052733149998
6,0.28872870249017
7,0.203349714737615
8,0.238869815316358
9,0.227925174267108
