"rgn_id","pressure_score"
1,0.617416189697465
2,0.589747053751078
3,0.584073865766779
4,0.63949217305559
5,0.672726395522748
6,0.521035386631717
7,0.705394565892786
8,0.689909688591766
9,0.654378943330673
