"rgn_id","pressure_score"
1,0.0146244597593739
2,0.0197125610807703
3,0.0185414323209599
4,0.0077201199720613
5,0.00964924977083032
6,0.0389252948885976
7,0.0215161272100774
8,0.0213601638649211
9,0.0142463636483883
