"rgn_id","pressure_score"
1,0.362381735911148
2,0.352524870706689
3,0.332385575589459
4,0.360734234129835
5,0.38485275040711
6,0.343604148660328
7,0.410857406066987
8,0.371489832318643
9,0.352379643721197
