"rgn_id","pressure_score"
1,0.282875679673381
2,0.25776070790268
3,0.283857991674547
4,0.248931785115237
5,0.183207662373668
6,0.255313086500981
7,0.157411314743899
8,0.158210191137592
9,0.126040121828585
