"rgn_id","pressure_score"
1,0.307328920234504
2,0.311793876908225
3,0.334165811967761
4,0.389996182685054
5,0.304297567170749
6,0.36754540798135
7,0.316401935654093
8,0.292798067424233
9,0.208580773565158
