"rgn_id","pressure_score"
1,0.288940971791443
2,0.305168541904728
3,0.333482557322381
4,0.4435975537572
5,0.357920180861822
6,0.403307021216784
7,0.30772847432627
8,0.318296252998197
9,0.212846521018187
