"rgn_id","pressure_score"
1,0.263306011391718
2,0.276336181155302
3,0.265706832721269
4,0.273359032004268
5,0.202538971476389
6,0.288613065138213
7,0.19014889902667
8,0.165536263836624
9,0.114173932513369
