"rgn_id","pressure_score"
1,0.293617731064216
2,0.253915611566528
3,0.228920353083688
4,0.294023453208899
5,0.284851388207221
6,0.288944001709431
7,0.237168767597585
8,0.321488441291906
9,0.165513079244
