"rgn_id","pressure_score"
1,0.303760897046322
2,0.320481142328933
3,0.322404786921636
4,0.293636970615753
5,0.330684829307147
6,0.266780498094092
7,0.239377207642153
8,0.313233507741094
9,0.170942946342461
