"rgn_id","pressure_score"
1,0.277869631846227
2,0.271195209464676
3,0.307495856973103
4,0.285176837203057
5,0.212543612393606
6,0.273191022730088
7,0.198655600564405
8,0.225640820905618
9,0.183411726643128
