"rgn_id","pressure_score"
1,0.219216980910372
2,0.23870220162322
3,0.222552540453732
4,0.248195689013491
5,0.187233590519788
6,0.258115825916626
7,0.0934157091980105
8,0.135461430510793
9,0.095907749426237
