"rgn_id","pressure_score"
1,0.148136091021955
2,0.16108898011971
3,0.126249479332498
4,0.204423273250734
5,0.157356846734103
6,0.19988961458118
7,0.121336746616806
8,0.150036292774339
9,0.0796053284219047
