"rgn_id","pressure_score"
1,0.474634679751485
2,0.483052322436794
3,0.491249017818452
4,0.635630280976159
5,0.558265479285229
6,0.590660294942389
7,0.561540706662815
8,0.568772634994898
9,0.404373391022579
