"rgn_id","pressure_score"
1,0.203970464233526
2,0.182982253854561
3,0.199068886714992
4,0.183563017952957
5,0.130450955893105
6,0.207183836365387
7,0.126438837825398
8,0.09787235777688
9,0.0555908899989024
