"rgn_id","pressure_score"
1,0.17941906255217
2,0.195366823621604
3,0.182149065327827
4,0.203136808414021
5,0.15324212180019
6,0.211255986299594
7,0.0764564811646858
8,0.110868979096831
9,0.0784961019994125
