"rgn_id","pressure_score"
1,0.265148340620228
2,0.207794286814958
3,0.187360828430438
4,0.240635105035268
5,0.233137820010939
6,0.236695671634697
7,0.194188206391173
8,0.263125110130077
9,0.134980240495545
