"rgn_id","pressure_score"
1,0.231520793029062
2,0.210965338463406
3,0.232324770429219
4,0.203739269372908
5,0.149947083930042
6,0.208962072404581
7,0.128833954418896
8,0.129487798172496
9,0.103158069272434
