"rgn_id","pressure_score"
1,0.273128535184413
2,0.262254489517533
3,0.26387355756652
4,0.2402716203258
5,0.270650393177208
6,0.218455905436586
7,0.196016068985855
8,0.256368286968765
9,0.139410763299918
