"rgn_id","pressure_score"
1,0.25425336052805
2,0.249693970773024
3,0.272940205470419
4,0.363122173020338
5,0.292941281519551
6,0.330134877258064
7,0.251920988150741
8,0.260500454414622
9,0.173888909792852
