"rgn_id","pressure_score"
1,0.388466755367725
2,0.395356210524096
3,0.402064830427972
4,0.520234284173187
5,0.456914735950797
6,0.48342840944735
7,0.459595359610931
8,0.465514361854271
9,0.330961107287471
