"rgn_id","pressure_score"
1,0.236911070385638
2,0.226120863362725
3,0.21746887783318
4,0.223810423052334
5,0.16576887539306
6,0.236497763217993
7,0.155649739440247
8,0.13547332920148
9,0.0929501098949017
