"rgn_id","pressure_score"
1,0.244559355324222
2,0.22191502493712
3,0.251671280973197
4,0.233473697859347
5,0.173957215945346
6,0.223754796536725
7,0.162596350413903
8,0.184672721822204
9,0.149765969218774
