"rgn_id","pressure_score"
1,0.294363142430107
2,0.287572498708927
3,0.282243760196107
4,0.277091142296825
5,0.243248279553615
6,0.302909551848848
7,0.232201049438589
8,0.270651362260309
9,0.284452810627096
