"rgn_id","pressure_score"
1,0.180994963276294
2,0.196821003172423
3,0.154253563178268
4,0.249767511614389
5,0.192261024976629
6,0.24422821745088
7,0.148251110492168
8,0.183316659117042
9,0.0972630193960266
