"rgn_id","pressure_score"
1,0.268027346013487
2,0.255135536772859
3,0.273499418116489
4,0.319262822260291
5,0.249053627195988
6,0.300853537393485
7,0.259020229140544
8,0.239630639599928
9,0.170366572449713
